,TV_Young,TV_Middle,TV_Elder,Flyer_Young,Flyer_Middle,Flyer_Elder,Digital_Young,Digital_Middle,Digital_Elder
3/1/2021,0.23433185,0.23132028,0.19416850,0.12501484,0.23485745,0.22918207,0.15440741,0.14079783,0.15844397
3/8/2021,0.23487459,0.23157792,0.19502135,0.12614642,0.23537170,0.22984736,0.15488408,0.14089936,0.16008842
3/15/2021,0.23539279,0.23182958,0.19586819,0.12722959,0.23584104,0.23049208,0.15534660,0.14100166,0.16170454
3/22/2021,0.23588645,0.23207527,0.19670900,0.12826433,0.23626547,0.23111623,0.15579498,0.14110474,0.16329233
3/29/2021,0.23635557,0.23231497,0.19754380,0.12925066,0.23664499,0.23171982,0.15622921,0.14120860,0.16485179
4/5/2021,0.23680015,0.23254869,0.19837258,0.13018856,0.23697959,0.23230285,0.15664930,0.14131324,0.16638291
4/12/2021,0.23722020,0.23277643,0.19919533,0.13107804,0.23726928,0.23286530,0.15705524,0.14141865,0.16788571
4/19/2021,0.23761570,0.23299820,0.20001207,0.13191909,0.23751407,0.23340720,0.15744704,0.14152484,0.16936018
4/26/2021,0.23798667,0.23321398,0.20082279,0.13271173,0.23771394,0.23392852,0.15782469,0.14163180,0.17080631
5/3/2021,0.23833310,0.23342378,0.20162749,0.13345595,0.23786889,0.23442928,0.15818820,0.14173955,0.17222412
5/10/2021,0.23865499,0.23362761,0.20242617,0.13415174,0.23797894,0.23490947,0.15853756,0.14184807,0.17361359
5/17/2021,0.23895235,0.23382545,0.20321883,0.13479912,0.23804408,0.23536910,0.15887277,0.14195736,0.17497473
5/24/2021,0.23922516,0.23401732,0.20400547,0.13539807,0.23806430,0.23580816,0.15919384,0.14206744,0.17630754
5/31/2021,0.23947344,0.23420320,0.20478609,0.13594860,0.23803961,0.23622665,0.15950077,0.14217829,0.17761202
6/7/2021,0.23969718,0.23438311,0.20556070,0.13645071,0.23797001,0.23662458,0.15979355,0.14228991,0.17888817
6/14/2021,0.23989638,0.23455704,0.20632928,0.13690439,0.23785550,0.23700194,0.16007218,0.14240232,0.18013599
6/21/2021,0.24007104,0.23472498,0.20709184,0.13730966,0.23769608,0.23735874,0.16033667,0.14251550,0.18135548
6/28/2021,0.24022116,0.23488695,0.20784839,0.13766650,0.23749175,0.23769497,0.16058702,0.14262946,0.18254664
7/5/2021,0.24034675,0.23504294,0.20859891,0.13797493,0.23724250,0.23801063,0.16082322,0.14274419,0.18370947
7/12/2021,0.24044779,0.23519295,0.20934342,0.13823493,0.23694835,0.23830573,0.16104527,0.14285971,0.18484396
7/19/2021,0.24052430,0.23533697,0.21008191,0.13844651,0.23660928,0.23858026,0.16125318,0.14297600,0.18595013
7/26/2021,0.24057627,0.23547502,0.21081437,0.13860967,0.23622530,0.23883422,0.16144694,0.14309306,0.18702796
8/2/2021,0.24060370,0.23560709,0.21154082,0.13872441,0.23579641,0.23906762,0.16162656,0.14321091,0.18807746
8/9/2021,0.24060660,0.23573318,0.21226125,0.13879072,0.23532260,0.23928046,0.16179204,0.14332953,0.18909864
8/16/2021,0.24058495,0.23585329,0.21297566,0.13880862,0.23480389,0.23947272,0.16194336,0.14344892,0.19009148
8/23/2021,0.24053877,0.23596742,0.21368404,0.13877809,0.23424026,0.23964442,0.16208055,0.14356910,0.19105599
8/30/2021,0.24046805,0.23607557,0.21438641,0.13869914,0.23363172,0.23979556,0.16220358,0.14369005,0.19199217
9/6/2021,0.24037279,0.23617774,0.21508277,0.13857177,0.23297827,0.23992612,0.16231248,0.14381178,0.19290002
9/13/2021,0.24025299,0.23627393,0.21577310,0.13839598,0.23227991,0.24003613,0.16240722,0.14393428,0.19377954
9/20/2021,0.24010865,0.23636414,0.21645741,0.13817177,0.23153664,0.24012556,0.16248782,0.14405757,0.19463073
9/27/2021,0.23993978,0.23644837,0.21713570,0.13789914,0.23074846,0.24019443,0.16255428,0.14418162,0.19545358
10/4/2021,0.23974636,0.23652663,0.21780797,0.13757808,0.22991536,0.24024274,0.16260659,0.14430646,0.19624811
10/11/2021,0.23952841,0.23659890,0.21847423,0.13720861,0.22903735,0.24027047,0.16264476,0.14443207,0.19701430
10/18/2021,0.23928592,0.23666519,0.21913446,0.13679071,0.22811444,0.24027764,0.16266878,0.14455846,0.19775217
10/25/2021,0.23901889,0.23672550,0.21978867,0.13632439,0.22714661,0.24026425,0.16267865,0.14468563,0.19846170
11/1/2021,0.23872732,0.23677984,0.22043687,0.13580965,0.22613386,0.24023029,0.16267438,0.14481357,0.19914290
11/8/2021,0.23841122,0.23682819,0.22107905,0.13524649,0.22507621,0.24017576,0.16265597,0.14494229,0.19979578
11/15/2021,0.23807058,0.23687057,0.22171520,0.13463490,0.22397364,0.24010067,0.16262341,0.14507179,0.20042032
11/22/2021,0.23770539,0.23690696,0.22234534,0.13397490,0.22282617,0.24000501,0.16257670,0.14520207,0.20101653
11/29/2021,0.23731567,0.23693738,0.22296946,0.13326647,0.22163378,0.23988878,0.16251585,0.14533312,0.20158441
12/6/2021,0.23690142,0.23696181,0.22358756,0.13250963,0.22039648,0.23975199,0.16244086,0.14546495,0.20212396
12/13/2021,0.23646262,0.23698027,0.22419963,0.13170436,0.21911427,0.23959463,0.16235172,0.14559755,0.20263517
12/20/2021,0.23599928,0.23699274,0.22480569,0.13085067,0.21778715,0.23941671,0.16224843,0.14573094,0.20311806
12/27/2021,0.23551141,0.23699924,0.22540573,0.12994856,0.21641511,0.23921822,0.16213100,0.14586510,0.20357262
1/3/2022,0.23499900,0.23699976,0.22599975,0.12899802,0.21499817,0.23899916,0.16199942,0.14600003,0.20399884
1/10/2022,0.23446205,0.23699429,0.22658776,0.12799907,0.21353631,0.23875954,0.16185370,0.14613575,0.20439674
1/17/2022,0.23390056,0.23698285,0.22716974,0.12695169,0.21202954,0.23849935,0.16169383,0.14627224,0.20476630
1/24/2022,0.23331453,0.23696543,0.22774570,0.12585590,0.21047786,0.23821859,0.16151982,0.14640950,0.20510754
1/31/2022,0.23270397,0.23694203,0.22831564,0.12471168,0.20888127,0.23791727,0.16133166,0.14654755,0.20542044
2/7/2022,0.23206886,0.23691265,0.22887957,0.12351904,0.20723976,0.23759539,0.16112936,0.14668637,0.20570501
2/14/2022,0.23140922,0.23687728,0.22943747,0.12227798,0.20555335,0.23725293,0.16091291,0.14682597,0.20596125
2/21/2022,0.23072504,0.23683594,0.22998936,0.12098849,0.20382202,0.23688991,0.16068232,0.14696634,0.20618916
2/28/2022,0.23001632,0.23678862,0.23053522,0.11965059,0.20204578,0.23650633,0.16043758,0.14710749,0.20638874
3/7/2022,0.22928307,0.23673532,0.23107507,0.11826426,0.20022463,0.23610218,0.16017870,0.14724942,0.20655999
3/14/2022,0.22852527,0.23667604,0.23160889,0.11682952,0.19835857,0.23567746,0.15990567,0.14739213,0.20670290
3/21/2022,0.22774294,0.23661078,0.23213670,0.11534635,0.19644760,0.23523217,0.15961849,0.14753561,0.20681749
3/28/2022,0.22693607,0.23653955,0.23265849,0.11381476,0.19449172,0.23476632,0.15931717,0.14767987,0.20690375
4/4/2022,0.22610466,0.23646233,0.23317426,0.11223475,0.19249092,0.23427991,0.15900171,0.14782491,0.20696167
4/11/2022,0.22524871,0.23637913,0.23368401,0.11060632,0.19044521,0.23377292,0.15867210,0.14797072,0.20699126
4/18/2022,0.22436822,0.23628995,0.23418774,0.10892946,0.18835459,0.23324538,0.15832834,0.14811731,0.20699253
4/25/2022,0.22346320,0.23619479,0.23468545,0.10720419,0.18621906,0.23269726,0.15797044,0.14826468,0.20696546
5/2/2022,0.22253363,0.23609366,0.23517714,0.10543049,0.18403862,0.23212858,0.15759840,0.14841283,0.20691006
5/9/2022,0.22157953,0.23598654,0.23566281,0.10360837,0.18181327,0.23153933,0.15721221,0.14856175,0.20682633
5/16/2022,0.22060089,0.23587344,0.23614246,0.10173783,0.17954300,0.23092952,0.15681187,0.14871145,0.20671427
5/23/2022,0.21959771,0.23575437,0.23661609,0.09981887,0.17722782,0.23029914,0.15639739,0.14886192,0.20657388
5/30/2022,0.21856999,0.23562931,0.23708371,0.09785149,0.17486773,0.22964819,0.15596876,0.14901318,0.20640516
6/6/2022,0.21751774,0.23549828,0.23754530,0.09583569,0.17246273,0.22897668,0.15552599,0.14916521,0.20620811
6/13/2022,0.21644095,0.23536126,0.23800088,0.09377146,0.17001282,0.22828460,0.15506908,0.14931801,0.20598272
6/20/2022,0.21533961,0.23521827,0.23845043,0.09165882,0.16751800,0.22757196,0.15459801,0.14947160,0.20572901
6/27/2022,0.21421374,0.23506929,0.23889397,0.08949775,0.16497827,0.22683875,0.15411281,0.14962596,0.20544697
7/4/2022,0.21306396,0.23491435,0.23933146,0.08728982,0.16239535,0.22608561,0.15361366,0.14978094,0.20513693
7/11/2022,0.21191160,0.23475376,0.23976210,0.08508819,0.15982809,0.22533412,0.15310754,0.14993130,0.20481042
7/18/2022,0.21078238,0.23458793,0.24018491,0.08295694,0.15734744,0.22461032,0.15260284,0.15007070,0.20448133
7/25/2022,0.20967781,0.23441688,0.24059984,0.08089982,0.15495754,0.22391573,0.15210006,0.15019878,0.20415048
8/1/2022,0.20859789,0.23424061,0.24100688,0.07891684,0.15265840,0.22325035,0.15159920,0.15031554,0.20381785
8/8/2022,0.20754262,0.23405912,0.24140604,0.07700799,0.15045003,0.22261418,0.15110026,0.15042098,0.20348346
8/15/2022,0.20651200,0.23387241,0.24179732,0.07517327,0.14833241,0.22200722,0.15060323,0.15051509,0.20314731
8/22/2022,0.20550603,0.23368048,0.24218070,0.07341269,0.14630555,0.22142947,0.15010813,0.15059788,0.20280938
8/29/2022,0.20452470,0.23348332,0.24255621,0.07172625,0.14436945,0.22088093,0.14961494,0.15066934,0.20246969
9/5/2022,0.20356803,0.23328095,0.24292383,0.07011394,0.14252411,0.22036160,0.14912366,0.15072948,0.20212824
9/12/2022,0.20263600,0.23307335,0.24328356,0.06857577,0.14076953,0.21987147,0.14863431,0.15077830,0.20178501
9/19/2022,0.20172862,0.23286054,0.24363541,0.06711172,0.13910571,0.21941056,0.14814687,0.15081579,0.20144002
9/26/2022,0.20084589,0.23264250,0.24397937,0.06572182,0.13753265,0.21897886,0.14766135,0.15084196,0.20109327
10/3/2022,0.19998781,0.23241924,0.24431545,0.06440605,0.13605035,0.21857637,0.14717775,0.15085681,0.20074474
10/10/2022,0.19915438,0.23219077,0.24464364,0.06316441,0.13465880,0.21820309,0.14669607,0.15086033,0.20039445
10/17/2022,0.19834559,0.23195707,0.24496395,0.06199691,0.13335802,0.21785901,0.14621630,0.15085253,0.20004239
10/24/2022,0.19756146,0.23171815,0.24527638,0.06090354,0.13214800,0.21754415,0.14573845,0.15083341,0.19968857
10/31/2022,0.19680197,0.23147401,0.24558092,0.05988431,0.13102873,0.21725850,0.14526252,0.15080296,0.19933298
11/7/2022,0.19606714,0.23122464,0.24587757,0.05893921,0.13000022,0.21700205,0.14478851,0.15076119,0.19897562
11/14/2022,0.19535695,0.23097006,0.24616634,0.05806824,0.12906248,0.21677482,0.14431642,0.15070809,0.19861649
11/21/2022,0.19467141,0.23071026,0.24644723,0.05727141,0.12821549,0.21657680,0.14384624,0.15064367,0.19825560
11/28/2022,0.19401052,0.23044523,0.24672023,0.05654872,0.12745926,0.21640798,0.14337798,0.15056793,0.19789294
12/5/2022,0.19337428,0.23017499,0.24698534,0.05590016,0.12679379,0.21626838,0.14291164,0.15048087,0.19752851
12/12/2022,0.19276269,0.22989952,0.24724257,0.05532573,0.12621908,0.21615798,0.14244721,0.15038248,0.19716232
12/19/2022,0.19217574,0.22961884,0.24749192,0.05482544,0.12573513,0.21607680,0.14198471,0.15027277,0.19679436
12/26/2022,0.19161345,0.22933293,0.24773338,0.05439929,0.12534193,0.21602482,0.14152412,0.15015173,0.19642464
1/2/2023,0.19107580,0.22904180,0.24796695,0.05404726,0.12503950,0.21600206,0.14106545,0.15001937,0.19605314
1/9/2023,0.19056280,0.22874545,0.24819264,0.05376938,0.12482783,0.21600850,0.14060869,0.14987569,0.19567988
1/16/2023,0.19007445,0.22844388,0.24841045,0.05356562,0.12470691,0.21604416,0.14015386,0.14972068,0.19530486
1/23/2023,0.18961075,0.22813709,0.24862037,0.05343600,0.12467676,0.21610902,0.13970094,0.14955435,0.19492806
1/30/2023,0.18917170,0.22782508,0.24882241,0.05338052,0.12473736,0.21620310,0.13924994,0.14937670,0.19454950
2/6/2023,0.18875730,0.22750785,0.24901656,0.05339917,0.12488872,0.21632638,0.13880086,0.14918772,0.19416917
2/13/2023,0.18836755,0.22718540,0.24920283,0.05349196,0.12513085,0.21647888,0.13835369,0.14898742,0.19378708
2/20/2023,0.18800244,0.22685773,0.24938121,0.05365888,0.12546373,0.21666058,0.13790844,0.14877580,0.19340322
2/27/2023,0.18766199,0.22652483,0.24955170,0.05389993,0.12588737,0.21687149,0.13746511,0.14855285,0.19301759
3/6/2023,0.18734618,0.22618672,0.24971431,0.05421512,0.12640177,0.21711162,0.13702370,0.14831858,0.19263019
3/13/2023,0.18705502,0.22584338,0.24986904,0.05460444,0.12700693,0.21738095,0.13658421,0.14807299,0.19224103
3/20/2023,0.18678851,0.22549482,0.25001588,0.05506790,0.12770284,0.21767949,0.13614663,0.14781607,0.19185010
3/27/2023,0.18654665,0.22514105,0.25015484,0.05560550,0.12848952,0.21800725,0.13571097,0.14754783,0.19145741
4/3/2023,0.18632944,0.22478205,0.25028591,0.05621722,0.12936696,0.21836421,0.13527723,0.14726826,0.19106295
4/10/2023,0.18613688,0.22441783,0.25040910,0.05690308,0.13033515,0.21875038,0.13484541,0.14697737,0.19066672
4/17/2023,0.18596897,0.22404839,0.25052440,0.05766308,0.13139411,0.21916576,0.13441550,0.14667516,0.19026872
4/24/2023,0.18582570,0.22367373,0.25063182,0.05849721,0.13254382,0.21961035,0.13398752,0.14636163,0.18986896
5/1/2023,0.18570708,0.22329385,0.25073135,0.05940548,0.13378430,0.22008416,0.13356145,0.14603677,0.18946743
5/8/2023,0.18561312,0.22290875,0.25082300,0.06038788,0.13511553,0.22058717,0.13313729,0.14570058,0.18906413
5/15/2023,0.18554380,0.22251842,0.25090676,0.06144441,0.13653752,0.22111939,0.13271506,0.14535308,0.18865907
5/22/2023,0.18549913,0.22212288,0.25098264,0.06257508,0.13805027,0.22168082,0.13229474,0.14499425,0.18825224
5/29/2023,0.18547911,0.22172212,0.25105063,0.06377989,0.13965378,0.22227146,0.13187634,0.14462410,0.18784364
6/5/2023,0.18548373,0.22131613,0.25111074,0.06505883,0.14134805,0.22289131,0.13145986,0.14424262,0.18743328
6/12/2023,0.18551301,0.22090493,0.25116297,0.06641190,0.14313308,0.22354037,0.13104530,0.14384982,0.18702114
6/19/2023,0.18556694,0.22048850,0.25120731,0.06783911,0.14500887,0.22421864,0.13063265,0.14344570,0.18660725
6/26/2023,0.18564551,0.22006685,0.25124376,0.06934045,0.14697542,0.22492612,0.13022192,0.14303025,0.18619158
7/3/2023,0.18574867,0.21964003,0.25127229,0.07091552,0.14903223,0.22566270,0.12981315,0.14260356,0.18577417
7/10/2023,0.18587013,0.21921247,0.25128972,0.07252655,0.15113384,0.22641791,0.12940956,0.14217328,0.18535684
7/17/2023,0.18599881,0.21879201,0.25129043,0.07410688,0.15319995,0.22717330,0.12901686,0.14175289,0.18494280
7/24/2023,0.18613361,0.21837942,0.25127385,0.07564979,0.15522249,0.22792699,0.12863562,0.14134377,0.18453239
7/31/2023,0.18627452,0.21797472,0.25123998,0.07715529,0.15720146,0.22867900,0.12826586,0.14094590,0.18412560
8/7/2023,0.18642153,0.21757789,0.25118883,0.07862337,0.15913685,0.22942932,0.12790756,0.14055929,0.18372243
8/14/2023,0.18657466,0.21718895,0.25112038,0.08005404,0.16102867,0.23017795,0.12756072,0.14018395,0.18332289
8/21/2023,0.18673390,0.21680789,0.25103464,0.08144729,0.16287691,0.23092489,0.12722536,0.13981986,0.18292697
8/28/2023,0.18689925,0.21643470,0.25093162,0.08280313,0.16468159,0.23167014,0.12690145,0.13946703,0.18253468
9/4/2023,0.18707071,0.21606940,0.25081131,0.08412156,0.16644269,0.23241371,0.12658902,0.13912545,0.18214601
9/11/2023,0.18724828,0.21571198,0.25067371,0.08540257,0.16816021,0.23315558,0.12628805,0.13879514,0.18176096
9/18/2023,0.18743196,0.21536244,0.25051882,0.08664616,0.16983417,0.23389577,0.12599855,0.13847608,0.18137953
9/25/2023,0.18762176,0.21502078,0.25034664,0.08785235,0.17146455,0.23463427,0.12572051,0.13816829,0.18100173
10/2/2023,0.18781766,0.21468700,0.25015717,0.08902111,0.17305135,0.23537108,0.12545394,0.13787175,0.18062755
10/9/2023,0.18801967,0.21436110,0.24995041,0.09015247,0.17459459,0.23610621,0.12519883,0.13758647,0.18025699
10/16/2023,0.18822780,0.21404308,0.24972637,0.09124641,0.17609425,0.23683964,0.12495519,0.13731245,0.17989006
10/23/2023,0.18844203,0.21373294,0.24948504,0.09230293,0.17755034,0.23757139,0.12472302,0.13704969,0.17952675
10/30/2023,0.18866237,0.21343068,0.24922641,0.09332204,0.17896285,0.23830144,0.12450232,0.13679819,0.17916706
11/6/2023,0.18888883,0.21313630,0.24895050,0.09430373,0.18033179,0.23902981,0.12429308,0.13655794,0.17881100
11/13/2023,0.18912140,0.21284980,0.24865730,0.09524802,0.18165716,0.23975650,0.12409530,0.13632896,0.17845856
11/20/2023,0.18936007,0.21257119,0.24834681,0.09615488,0.18293896,0.24048149,0.12390899,0.13611123,0.17810974
11/27/2023,0.18960486,0.21230045,0.24801904,0.09702433,0.18417718,0.24120479,0.12373415,0.13590476,0.17776455
12/4/2023,0.18985576,0.21203759,0.24767397,0.09785637,0.18537183,0.24192641,0.12357078,0.13570955,0.17742298
12/11/2023,0.19011277,0.21178262,0.24731162,0.09865100,0.18652290,0.24264634,0.12341887,0.13552560,0.17708503
12/18/2023,0.19037589,0.21153552,0.24693197,0.09940820,0.18763041,0.24336458,0.12327842,0.13535291,0.17675071
12/25/2023,0.19064512,0.21129630,0.24653504,0.10012800,0.18869434,0.24408113,0.12314945,0.13519147,0.17642001
1/1/2024,0.19092046,0.21106497,0.24612082,0.10081038,0.18971469,0.24479599,0.12303194,0.13504130,0.17609293
1/8/2024,0.19120191,0.21084152,0.24568931,0.10145534,0.19069148,0.24550917,0.12292589,0.13490238,0.17576948
1/15/2024,0.19148947,0.21062594,0.24524051,0.10206290,0.19162469,0.24622066,0.12283131,0.13477473,0.17544965
1/22/2024,0.19178314,0.21041825,0.24477442,0.10263303,0.19251433,0.24693045,0.12274820,0.13465833,0.17513344
1/29/2024,0.19208293,0.21021844,0.24429105,0.10316576,0.19336039,0.24763856,0.12267656,0.13455319,0.17482086
2/5/2024,0.19238882,0.21002650,0.24379038,0.10366106,0.19416288,0.24834499,0.12261638,0.13445930,0.17451190
2/12/2024,0.19270082,0.20984245,0.24327243,0.10411896,0.19492180,0.24904972,0.12256766,0.13437668,0.17420656
2/19/2024,0.19301894,0.20966628,0.24273719,0.10453944,0.19563714,0.24975276,0.12253041,0.13430532,0.17390484
2/26/2024,0.19334317,0.20949799,0.24218466,0.10492250,0.19630891,0.25045412,0.12250463,0.13424521,0.17360675
3/4/2024,0.19367350,0.20933758,0.24161484,0.10526815,0.19693711,0.25115379,0.12249032,0.13419637,0.17331229
3/11/2024,0.19400995,0.20918505,0.24102773,0.10557639,0.19752174,0.25185177,0.12248747,0.13415878,0.17302144
3/18/2024,0.19435251,0.20904040,0.24042333,0.10584721,0.19806279,0.25254806,0.12249609,0.13413245,0.17273422
3/25/2024,0.19470117,0.20890363,0.23980165,0.10608062,0.19856027,0.25324266,0.12251617,0.13411738,0.17245062
4/1/2024,0.19505595,0.20877474,0.23916267,0.10627661,0.19901418,0.25393558,0.12254772,0.13411357,0.17217065
4/8/2024,0.19541684,0.20865373,0.23850641,0.10643519,0.19942451,0.25462681,0.12259073,0.13412101,0.17189429
4/15/2024,0.19578384,0.20854060,0.23783286,0.10655635,0.19979127,0.25531634,0.12264522,0.13413972,0.17162157
4/22/2024,0.19615695,0.20843535,0.23714202,0.10664010,0.20011446,0.25600419,0.12271116,0.13416968,0.17135246
4/29/2024,0.19653617,0.20833799,0.23643389,0.10668644,0.20039407,0.25669036,0.12278858,0.13421091,0.17108698
5/6/2024,0.19692150,0.20824850,0.23570847,0.10669536,0.20063011,0.25737483,0.12287746,0.13426339,0.17082512
5/13/2024,0.19731295,0.20816689,0.23496576,0.10666686,0.20082258,0.25805761,0.12297780,0.13432713,0.17056689
5/20/2024,0.19771050,0.20809317,0.23420577,0.10660095,0.20097147,0.25873871,0.12308962,0.13440213,0.17031227
5/27/2024,0.19811416,0.20802732,0.23342849,0.10649763,0.20107679,0.25941812,0.12321290,0.13448838,0.17006128
6/3/2024,0.19852394,0.20796936,0.23263391,0.10635689,0.20113854,0.26009584,0.12334764,0.13458590,0.16981392
6/10/2024,0.19893982,0.20791927,0.23182205,0.10617874,0.20115671,0.26077187,0.12349385,0.13469467,0.16957018
6/17/2024,0.19936182,0.20787707,0.23099290,0.10596318,0.20113132,0.26144621,0.12365153,0.13481471,0.16933006
6/24/2024,0.19978992,0.20784274,0.23014646,0.10571020,0.20106234,0.26211887,0.12382067,0.13494600,0.16909356
7/1/2024,0.20022414,0.20781630,0.22928273,0.10541980,0.20094980,0.26278984,0.12400128,0.13508855,0.16886069
7/8/2024,0.20066447,0.20779774,0.22840172,0.10509199,0.20079368,0.26345911,0.12419336,0.13524236,0.16863144
7/15/2024,0.20111090,0.20778706,0.22750341,0.10472677,0.20059399,0.26412670,0.12439690,0.13540743,0.16840581
7/22/2024,0.20156345,0.20778425,0.22658782,0.10432413,0.20035073,0.26479261,0.12461191,0.13558376,0.16818381
7/29/2024,0.20202211,0.20778933,0.22565494,0.10388408,0.20006389,0.26545682,0.12483838,0.13577134,0.16796543
8/5/2024,0.20248688,0.20780229,0.22470477,0.10340661,0.19973348,0.26611934,0.12507632,0.13597019,0.16775067
8/12/2024,0.20295776,0.20782313,0.22373731,0.10289173,0.19935949,0.26678018,0.12532573,0.13618029,0.16753954
8/19/2024,0.20343475,0.20785185,0.22275256,0.10233944,0.19894194,0.26743933,0.12558660,0.13640165,0.16733203
8/26/2024,0.20391785,0.20788845,0.22175052,0.10174973,0.19848081,0.26809679,0.12585894,0.13663427,0.16712814
9/2/2024,0.20440707,0.20793293,0.22073119,0.10112260,0.19797611,0.26875256,0.12614275,0.13687815,0.16692788
9/9/2024,0.20490239,0.20798529,0.21969458,0.10045806,0.19742783,0.26940664,0.12643802,0.13713329,0.16673124
9/16/2024,0.20540382,0.20804554,0.21864068,0.09975611,0.19683598,0.27005904,0.12674476,0.13739969,0.16653822
9/23/2024,0.20591137,0.20811366,0.21756948,0.09901674,0.19620056,0.27070975,0.12706296,0.13767734,0.16634883
9/30/2024,0.20642502,0.20818966,0.21648100,0.09823996,0.19552156,0.27135876,0.12739263,0.13796625,0.16616306
10/7/2024,0.20694479,0.20827354,0.21537523,0.09742576,0.19479899,0.27200609,0.12773377,0.13826643,0.16598091
10/14/2024,0.20747066,0.20836531,0.21425217,0.09657415,0.19403285,0.27265174,0.12808637,0.13857786,0.16580239
10/21/2024,0.20800265,0.20846495,0.21311183,0.09568513,0.19322314,0.27329569,0.12845044,0.13890055,0.16562749
10/28/2024,0.20854075,0.20857247,0.21195419,0.09475869,0.19236985,0.27393795,0.12882597,0.13923450,0.16545621
11/4/2024,0.20908495,0.20868788,0.21077927,0.09379483,0.19147299,0.27457853,0.12921297,0.13957970,0.16528856
11/11/2024,0.20963527,0.20881116,0.20958705,0.09279357,0.19053256,0.27521742,0.12961144,0.13993617,0.16512453
11/18/2024,0.21019170,0.20894233,0.20837755,0.09175488,0.18954855,0.27585462,0.13002137,0.14030389,0.16496412
11/25/2024,0.21075424,0.20908138,0.20715076,0.09067879,0.18852097,0.27649013,0.13044277,0.14068288,0.16480733
12/2/2024,0.21132289,0.20922830,0.20590668,0.08956527,0.18744981,0.27712395,0.13087564,0.14107312,0.16465417
12/9/2024,0.21189765,0.20938311,0.20464531,0.08841435,0.18633509,0.27775609,0.13131997,0.14147462,0.16450463
12/16/2024,0.21247852,0.20954580,0.20336666,0.08722601,0.18517679,0.27838654,0.13177577,0.14188738,0.16435872
12/23/2024,0.21306550,0.20971636,0.20207071,0.08600025,0.18397491,0.27901529,0.13224303,0.14231140,0.16421643
12/30/2024,0.21365860,0.20989481,0.20075748,0.08473708,0.18272947,0.27964236,0.13272176,0.14274668,0.16407776